{"stats":{"minecraft:custom":{"minecraft:jump":149,"minecraft:time_since_rest":4623,"minecraft:crouch_one_cm":191,"minecraft:leave_game":1,"minecraft:sprint_one_cm":19071,"minecraft:play_time":4623,"minecraft:walk_on_water_one_cm":474,"minecraft:time_since_death":4623,"minecraft:walk_one_cm":919,"minecraft:sneak_time":271,"minecraft:total_world_time":4623,"minecraft:walk_under_water_one_cm":129,"minecraft:swim_one_cm":2250,"minecraft:fall_one_cm":1370,"minecraft:fly_one_cm":149196}},"DataVersion":3953}